key,
-,
139_45_197_106,
thautsie_net,
graivaik_com,
chilromy_net,
139_45_197_88,
4cf29cb7f1029d9b0af3c71733cee55cb099229c1561225c1df6f8b5ed3533a3,
139_45_197_78,
3318851175a1c6ea26a1f9218c6624014dc460b7116342ca0e84d5b647c17bcf,
139_45_197_79,
67fc2e640637e3dcaab49c8bf84fedd5e6814bae6e25de56ba409c4c6b42fb41,
139_45_197_0_24,
steckoap_net,
foazasis_com,
gloussuz_com,
othoarul_com,
heefaith_net,
stoowhom_net,
ooxoatse_com,
bathibsa_com,
oujouniw_com,
whoshood_com,
gletaums_net,
aukrouwy_net,
ouftukoo_net,
neesupee_com,
vashoaft_net,
AS9002,
oochaurt_com,
stoashou_net,
kizoweet_com,
upsoozoa_net,
couhepoa_net,
tauchaus_com,
naishuhe_net,
imounsos_com,
soazooge_com,
atoultou_com,
duxumpou_com,
hoosorie_com,
poudeeri_com,
zudrurta_com,
grirault_net,
cerizoug_net,
gromairt_net,
koowaido_net,
keepaira_net,
moowouzy_net,
roaptoub_com,
noateeva_com,
booceemu_com,
nouwaiky_net,
paiptoaz_com,
jaiwuzoo_net,
aissores_com,
lizautie_net,
ophoahik_net,
zaugroaw_net,
boudougu_com,
pteefoak_com,
psoptopi_com,
gloumtol_net,
wultaikr_net,
phaimtol_net,
raiphupi_com,
kaicoomy_net,
phaickan_com,
pteemtis_net,
feemusta_com,
kuksebel_com,
ratoumsy_com,
iglaique_net,
noagloot_net,
liwhetsu_com,
boubeeth_com,
aujaujoa_net,
toapsira_net,
foavistu_net,
139_45_197_84,
de1e7abcf86e90bbc7a30cfd2b6e1c5ef1aa81eb4e0da3e610cfb5544fa04726,
e446c5e9dbef9d09ac9f7027c034602492437a05ff6c40011d7235fca639c79a,
139_45_197_74,
db03df8112f3ba32309d0e835949562464774a7331715eab96ca7a6554f5b125,
139_45_197_85,
139_45_197_73,
6ea7656079d1fe4879aa46c11f051f7b627ec31c2032e9a9e8409aee1905d6c6,
139_45_197_86,
74413b095e60c4ce5b48423e0df090faee2fad69d4f521fa84db953ff9fbc0a2,
139_45_197_80,
1d8d2a6568dc42b0d0f9d30a983b431d762fe3a7338c3d588a9336e35f561315,
139_45_197_76,
3afa6eb1fe12d493622d30d54c84bd95589c3c6c8fe9a12faee923d7c9e5acf6,
139_45_197_70,
6b2626ec16fd07f35680e3ffd1da6e4d6aab7fc3ebe6d183228a893ce8164b99,
0ab5d8fe3e2f4bf4824eb5b9e2adaefd6c7f85be734042afd7227759ff9e70d8,
7baa0361656d8ff2f49ddbdf450774247b79dc8b64b82c5b7674bd39093f8130,
mimpiphy_net,
greemeek_net,
shitiphu_com,
zuphekry_net,
justookr_net,
ourauhoa_net,
grergoch_net,
shiptoud_com,
virashux_net,
acootaul_net,
fofipsie_net,
joorejou_net,
ptaughar_com,
caustouy_net,
neewoapi_com,
baubogla_com,
sangogne_com,
sutchart_net,
phiptams_net,
vudoutch_com,
phaulrun_com,
thaihats_net,
hounicuy_com,
loaphour_com,
staulrut_net,
neesoape_com,
zoaheeth_com,
glishais_net,
oacautoh_net,
owowoaty_com,
thiltimt_com,
ugaupeex_net,
jaugloup_com,
ptaivain_net,
pagnookr_net,
wauthaum_com,
psaukrik_net,
purdewee_net,
glookroz_net,
pharougn_com,
airsoubs_com,
raigluce_net,
neenaist_net,
chiphecy_net,
ivoophie_net,
vempozah_net,
loomufie_com,
jotchept_com,
oukruque_com,
glooglor_com,
gringoku_com,
stavecku_net,
seechaiw_com,
pheezaps_net,
japhezul_com,
jicmutse_com,
maihaimo_com,
meehaina_net,
oaraunal_com,
norteevu_com,
foapoopt_com,
oodsotso_com,
stootoat_com,
phitcher_net,
psagheet_com,
tipishaz_com,
wairazaz_com,
staidsid_net,
chaineky_com,
ptoosteg_com,
miltauru_net,
ptavizap_net,
greedrum_net,
mainauko_net,
hoochoor_com,
soapsoab_com,
phiphooh_net,
oansauns_com,
peefeehu_com,
togoutso_com,
uglaiste_com,
phaureft_com,
heckagny_com,
neechuce_net,
ptogheeb_net,
grensauy_com,
matchaix_net,
huckauhy_com,
augheguw_net,
oufteens_com,
aidsauce_net,
jacmaift_com,
haghalra_com,
faupikou_com,
ufoukolt_com,
seepsocu_net,
psewhaur_net,
stoaksie_com,
lutsoops_net,
foowafoa_com,
graunada_com,
glaxaukr_net,
bataujou_com,
mabeetam_com,
gracaiko_net,
wapsagnu_net,
niltuvex_com,
noonigie_net,
uropteed_net,
maijiptu_net,
ptauvuph_com,
zaivikuk_com,
woogoust_com,
noaloheb_com,
oukreesy_net,
jairoowe_com,
ptaussee_net,
a122fef0681ee401b841c5ea6c5576f366add483c53e3d54310f87cb7dd36bda,
4219da5642f31b5ad89a88522c520dde0632cd2add1a5e5465bcda4911114914,
139_45_197_72,
9a81ef203a50bc0d42915b3a3cb2d4835037140e51017a0c073e2871461fbda1,
139_45_197_122,
5a69b8ddefd5350f0fa6de114128687562ec3f82efadb5d7314a2b2e2e7a6b50,
139_45_197_102,
eb967fed430ccb355ca32952a7a77f05b81819b38731a40d8951498a0011c746,
139_45_197_100,
3061ea603e7e90af93bac8fe0b667b1967bf56443e3decc53feba04b9f0a6560,
139_45_197_107,
5fd7b2b3298b53054870edb1618a2d78a75d82be9a67a7300fe25d2e81182fec,
139_45_197_115,
3d496fd28aa8c9aa02d1dde5d5e7c2dadf898a54e8ef00d48f24dc6840af7e61,
4a8c1f9cebf67401ac9d123fc3c6704c5e15f892f3d42d968827b829fd2e0b72,
139_45_197_117,
5fd7f92f8ed20347a7713d425fccb4957ce0f66a3216d04837527a6c71d1a60b,
139_45_197_121,
51a206de3ad8ff138959999162e86a7abf8397ae2d8321b60818b55581977928,
139_45_197_108,
966dd4e5093c7d5b207fc51e507cd5b9ac8e122a632c874fedd13f83060211ef,
139_45_197_119,
b5dccb362a3f30af56e8d74a6a00bbf185a1a334b7d8aaefb778f289e86110d0,
139_45_197_124,
a6ac435f3b2a81510bb0b5df33d01b8ceb0b0f80c6530d2df1bd1bb7e56184fb,
248ca7a5c6a7a757ff0977837fc62eb38f4de7844b5655373dd3d568ce45cead,
139_45_197_109,
139_45_197_105,
f069826163af7d8408f5edc023d484cc5cb36d5fea5da509785a8819d91e8bb8,
139_45_197_97,
dea341cf067f6af90db07b537b2f874e55456aa6683a11dfeb391e6e8cbfd4dc,
573095aed8a219cf7f11eb3e15e8c4d878d0e7f3637180f77241bdb3e4c0ac09,
1152d43d1744b574ed629eaa2570a0e0cecd955ffc68517229aeeda99a75bc7f,
31dde04a861352db3ceb6e6b1a1b2dbcf64740f311d111a1418c63311feca539,
0215d6c057b86282e380b6f55540ad5ccc69ee538cc44bf9317fdb6ef525fcca,
139_45_197_101,
9f8120a28abc931f19a5c05ba71b3f5b71923888f70c8c826169504462d105fe,
4d038400fcdea85ef44656b19747f1fc47f1e97512e257d11475f03888c6edb8,
139_45_197_112,
206e0f5f5409064cd6de485dad9affefc793353893f88ef07e9400764c70d8f1,
c2013a6a7b67401724cf735dc83286d6af31ecf541ec32b0d64debd6dc375e16,
a6681f9f04d83767c78e80f2f415f0e98957854692d0417ff35a1188fdf27e01,
139_45_197_125,
9105bf2bd7d98a70a031762c25c98e8c7b7ca30fc96b1d88bff74b28c0dcfea9,
139_45_197_96,
d1adb8a702e81632218314cfcf74b0338f39342eaf7fefdd41d85c005e0117d3,
139_45_197_110,
7e7c13993c31fb27c8d73fc809ec3b4ccb2d19d3adcba56215814542fa2b3644,
4ba5cc2f3ee854bd78baa955730ee0b61631f339fd1c0156cc983a8978d24fea,
139_45_197_120,
3c0c5ed18ca0e65f14d52c0502279aaefe5a054d0603b974109b7e904c993114,
4bc683b4c71e636b3dcbded3a6d49ef1a7845b56939f47c745a13d37c8403722,
4982884472934656d066ef12597403f86ad9a8e61b5da917034d01a92af93674,
vounoany_net,
psoutcho_com,
phoufawo_com,
shoutsop_com,
saikeela_net,
dooptoug_net,
neltoole_net,
gakseeft_com,
ugoupams_com,
whautsel_net,
whusebsu_com,
groobsoo_com,
wacucmiy_net,
zaijacho_net,
toonikab_com,
zijaipse_com,
stunsoos_com,
grathizi_com,
cheewait_net,
nouseeth_com,
oushenoo_net,
gloalrie_com,
gobaiwhe_net,
koutobey_net,
thompirs_com,
oshaugre_com,
tooptauy_net,
cifaumsy_net,
laibutho_com,
chubaugn_com,
staimpor_net,
augnuxun_net,
bushoagh_com,
grexoacu_com,
kaucoogi_com,
stoassod_com,
wahamtou_net,
jistaumt_com,
thookour_com,
nesoaghu_net,
grooksom_com,
dalrekso_net,
culreelt_com,
gleebsex_net,
booraipa_com,
aughukoo_com,
gogoartu_net,
sersoola_com,
edoutoam_net,
moapteeg_net,
mikrairs_com,
glomseci_com,
beewanuk_net,
bodaimen_com,
ethethoa_net,
oompilsa_com,
mopsaups_net,
esauwoan_com,
mauzobou_net,
soalouve_com,
japsulsa_com,
